Run Name,TC1,TC2,TC3,TC4,TC5,TC6,TC7,TC8,TC9,TC10
run1,testcase_g.txt,testcase_k.txt,testcase_j.txt,testcase_f.txt,testcase_d.txt,testcase_h.txt,testcase_e.txt,testcase_a.txt,testcase_b.txt,testcase_i.txt
run2,testcase_a.txt,testcase_b.txt,testcase_f.txt,testcase_h.txt,testcase_d.txt,testcase_e.txt,testcase_k.txt,testcase_j.txt,testcase_g.txt,testcase_i.txt
run3,testcase_h.txt,testcase_e.txt,testcase_f.txt,testcase_d.txt,testcase_a.txt,testcase_b.txt,testcase_j.txt,testcase_g.txt,testcase_k.txt,testcase_i.txt
run4,testcase_a.txt,testcase_b.txt,testcase_f.txt,testcase_g.txt,testcase_k.txt,testcase_d.txt,testcase_h.txt,testcase_e.txt,testcase_j.txt,testcase_i.txt
run5,testcase_f.txt,testcase_g.txt,testcase_e.txt,testcase_k.txt,testcase_h.txt,testcase_j.txt,testcase_a.txt,testcase_b.txt,testcase_d.txt,testcase_i.txt
run6,testcase_k.txt,testcase_f.txt,testcase_g.txt,testcase_a.txt,testcase_b.txt,testcase_e.txt,testcase_h.txt,testcase_d.txt,testcase_j.txt,testcase_i.txt
run7,testcase_k.txt,testcase_d.txt,testcase_h.txt,testcase_g.txt,testcase_j.txt,testcase_e.txt,testcase_a.txt,testcase_b.txt,testcase_f.txt,testcase_i.txt
